Size,Comparisons,ArrayAccesses,MemoryAllocations,Time(ms)
100,200,200,0,0.033459
1000,2000,2000,0,0.295375
10000,20000,20000,0,1.843959
100000,200000,200000,0,11.855916
