Comparisons,ArrayAccesses,MemoryAllocations,Time(ms)
151,200,0,0.063166
1504,2000,0,0.209667
15047,20000,0,1.208792
150544,200000,0,7.35225
